{
  "subband_0->subband_1": 0.00039185485527005955,
  "subband_1->subband_0": 0.0025900069787756
}