{
  "selected_subbands": [
    3,
    2
  ],
  "feature_scores": [
    [
      3,
      0.7859090225356944
    ],
    [
      2,
      0.7274879503083056
    ],
    [
      1,
      0.1836780215702033
    ],
    [
      0,
      0.14209311443286343
    ]
  ],
  "mse": 0.32823504190375846,
  "baseline_mse": 0.9051162600517273,
  "improvement": 0.5768812181479688,
  "uncertainty_mean": 0.06027482450008392,
  "device": "cuda",
  "causal_graph": {
    "subband_0->subband_1": 0.00039185485527005955,
    "subband_1->subband_0": 0.0025900069787756
  },
  "regime_changes": 173
}