{
  "subband_0->subband_1": 0.010402016628177612,
  "subband_1->subband_0": 0.0067115791042505635
}