{
  "selected_subbands": [
    2,
    3
  ],
  "feature_scores": [
    [
      2,
      2.1176010456652006
    ],
    [
      3,
      1.917316173192292
    ],
    [
      1,
      1.1070278039963042
    ],
    [
      0,
      0.2868277894220932
    ]
  ],
  "mse": 0.636869692531747,
  "baseline_mse": 4.5339274406433105,
  "improvement": 3.8970577481115636,
  "uncertainty_mean": 0.2137812376022339,
  "device": "cuda",
  "causal_graph": {
    "subband_0->subband_1": 0.010402016628177612,
    "subband_1->subband_0": 0.0067115791042505635
  },
  "regime_changes": 126
}