{
  "subband_0->subband_1": 1.277617341568055e-05,
  "subband_1->subband_0": 0.003037991507662919
}