{
  "ecg": {
    "subband_0->subband_1": 0.004175781226302422,
    "subband_1->subband_0": 0.04925179345415782
  },
  "seismic": {
    "subband_0->subband_1": 0.00039185485527005955,
    "subband_1->subband_0": 0.0025900069787756
  },
  "financial": {
    "subband_0->subband_1": 0.010402016628177612,
    "subband_1->subband_0": 0.0067115791042505635
  },
  "audio": {
    "subband_0->subband_1": 0.0047924922688829886,
    "subband_1->subband_0": 8.452915949862567e-05
  }
}