model,mse
HELIOS-SPECTRUM,0.36451395281337046
FFT_ML_Baseline,0.41919104573537597
ARIMA,0.4527263293942061
CNN,0.41919104573537597
