model,mse
HELIOS-SPECTRUM,0.36297353306412994
FFT_ML_Baseline,0.4174195630237494
ARIMA,0.4508131280656494
CNN,0.4174195630237494
