model,mse
HELIOS-SPECTRUM,0.36512249299022725
FFT_ML_Baseline,0.4198908669387613
ARIMA,0.45348213629386225
CNN,0.4198908669387613
