{
  "subband_0->subband_1": 0.004175781226302422,
  "subband_1->subband_0": 0.04925179345415782
}