{
  "selected_subbands": [
    3,
    2
  ],
  "feature_scores": [
    [
      3,
      1.8086725353798023
    ],
    [
      2,
      1.4458712705594228
    ],
    [
      1,
      0.7174941681982867
    ],
    [
      0,
      0.35944956628577573
    ]
  ],
  "mse": 0.04231682765713254,
  "baseline_mse": 0.0573628805577755,
  "improvement": 0.01504605290064296,
  "uncertainty_mean": 0.0631076768040657,
  "device": "cuda",
  "causal_graph": {
    "subband_0->subband_1": 0.004175781226302422,
    "subband_1->subband_0": 0.04925179345415782
  },
  "regime_changes": 171
}