"process","value"
"poisson_count",11
"brownian_last",0.994088041422896
"gbm_last",1.01543196741295
"ou_last",0.0752552633519291
"euler_maruyama_last",-0.156235586844942
