metric,value
measurement_rmse,0.4736646569344472
estimate_rmse,0.3728828573253865
