metric,value
measurement_rmse,0.4736646569344472
linear_kf_rmse,0.3728828573253865
ekf_rmse,0.09649260323627558
ukf_rmse,0.1230873871235961
