state,stationary_probability
0,0.18181818181818185
1,0.4545454545454546
2,0.36363636363636365
