horizon,forecast_ar1,forecast_ar2,phi,sigma,ar2_a1,ar2_a2,ar2_sigma
1,-0.04764107729938502,-0.04664266723668818,0.8878771037973131,0.00991814475474005,1.8459877794156891,-0.8469335758524846,0.0012223408119536783
2,-0.042299421734361894,-0.04065763508183354,0.8878771037973131,0.00991814475474005,1.8459877794156891,-0.8469335758524846,0.0012223408119536783
3,-0.037556688061806356,-0.03555025655094147,0.8878771037973131,0.00991814475474005,1.8459877794156891,-0.8469335758524846,0.0012223408119536783
4,-0.033345723424535754,-0.031191022882567795,0.8878771037973131,0.00991814475474005,1.8459877794156891,-0.8469335758524846,0.0012223408119536783
5,-0.029606904338203028,-0.027469541165533195,0.8878771037973131,0.00991814475474005,1.8459877794156891,-0.8469335758524846,0.0012223408119536783
6,-0.02628729247620781,-0.024291712753300665,0.8878771037973131,0.00991814475474005,1.8459877794156891,-0.8469335758524846,0.0012223408119536783
7,-0.02333988511044829,-0.021577328157317215,0.8878771037973131,0.00991814475474005,1.8459877794156891,-0.8469335758524846,0.0012223408119536783
8,-0.02072294959482686,-0.01925801694511529,0.8878771037973131,0.00991814475474005,1.8459877794156891,-0.8469335758524846,0.0012223408119536783
