horizon,forecast,phi,sigma
1,-0.04764107729938502,0.8878771037973131,0.00991814475474005
2,-0.042299421734361894,0.8878771037973131,0.00991814475474005
3,-0.037556688061806356,0.8878771037973131,0.00991814475474005
4,-0.033345723424535754,0.8878771037973131,0.00991814475474005
5,-0.029606904338203028,0.8878771037973131,0.00991814475474005
6,-0.02628729247620781,0.8878771037973131,0.00991814475474005
7,-0.02333988511044829,0.8878771037973131,0.00991814475474005
8,-0.02072294959482686,0.8878771037973131,0.00991814475474005
