"horizon","forecast_arima","forecast_sarima","garch_omega","garch_alpha","garch_beta","granger_score","cointegration_score","peak_frequency","peak_power"
1,-0.0531005302625379,-0.0546889035321907,0.100001,0.5,0.5,0.0366493976620497,-0.990632026309991,0.00833333333333333,0.47017995448432
2,-0.0525444062556482,-0.0550247691315778,0.100001,0.5,0.5,0.0366493976620497,-0.990632026309991,0.00833333333333333,0.47017995448432
3,-0.051988915069568,-0.0546610503436012,0.100001,0.5,0.5,0.0366493976620497,-0.990632026309991,0.00833333333333333,0.47017995448432
4,-0.0514340559842022,-0.0536010211788618,0.100001,0.5,0.5,0.0366493976620497,-0.990632026309991,0.00833333333333333,0.47017995448432
5,-0.0508798282802751,-0.0518550306614523,0.100001,0.5,0.5,0.0366493976620497,-0.990632026309991,0.00833333333333333,0.47017995448432
6,-0.0503262312393295,-0.0494403976825684,0.100001,0.5,0.5,0.0366493976620497,-0.990632026309991,0.00833333333333333,0.47017995448432
7,-0.0497732641437257,-0.0463812350389,0.100001,0.5,0.5,0.0366493976620497,-0.990632026309991,0.00833333333333333,0.47017995448432
8,-0.0492209262766405,-0.0427082044436421,0.100001,0.5,0.5,0.0366493976620497,-0.990632026309991,0.00833333333333333,0.47017995448432
