{
  "subband_0->subband_1": 0.0047924922688829886,
  "subband_1->subband_0": 8.452915949862567e-05
}