{
  "selected_subbands": [
    2,
    3
  ],
  "feature_scores": [
    [
      2,
      1.1269530840061819
    ],
    [
      3,
      1.0120369589038751
    ],
    [
      1,
      0.43933243484170914
    ],
    [
      0,
      0.22519220365468495
    ]
  ],
  "mse": 0.25145320919982866,
  "baseline_mse": 0.7866718173027039,
  "improvement": 0.5352186081028751,
  "uncertainty_mean": 0.09662288427352905,
  "device": "cuda",
  "causal_graph": {
    "subband_0->subband_1": 0.0047924922688829886,
    "subband_1->subband_0": 8.452915949862567e-05
  },
  "regime_changes": 157
}