backend,seed,signal_length,seconds,speedup_vs_numpy
numpy,0,4096,0.0001644889998715371,0.564712536663105
numpy,1,4096,8.205500125768594e-05,1.1320333794027224
numpy,2,4096,3.212299998267554e-05,2.891666420344595
