backend,seed,signal_length,seconds,speedup_vs_numpy
numpy,0,4096,0.00017466399913246278,0.7138570608034447
numpy,1,4096,3.755000034288969e-05,3.3205093984103025
numpy,2,4096,3.196699981344864e-05,3.9004326266620675
julia,0,4096,0.0002545595169067,0.48980737614525843
