backend,seed,signal_length,seconds,speedup_vs_numpy
numpy,0,4096,0.00015551000069535803,0.5813495332365911
numpy,1,4096,8.518299910065252e-05,1.0613111450918125
numpy,2,4096,3.052399915759452e-05,2.961789700330764
