backend,seed,signal_length,seconds,speedup_vs_numpy
numpy,0,4096,0.0007719079985690769,0.32702194676693447
numpy,1,4096,8.092700045381207e-05,3.119241476904842
numpy,2,4096,4.484599958232138e-05,5.628837773002559
julia,0,4096,0.0001120424270629,2.2529934689411384
