backend,seed,signal_length,seconds,speedup_vs_numpy
numpy,0,4096,0.0005806770004710415,0.33498496091650676
numpy,1,4096,5.015799979446456e-05,3.8781064457313796
numpy,2,4096,3.121800000371877e-05,6.230958494609991
julia,0,4096,0.0001160192489624,1.6766016333285043
