backend,seed,signal_length,seconds,speedup_vs_numpy
numpy,0,4096,0.00015196899948932696,0.6177240012461382
numpy,1,4096,6.029399992257822e-05,1.5569525748907258
numpy,2,4096,3.0776000130572356e-05,3.0502631281400876
julia,0,4096,0.0001324605941772,0.70870056874679
