signal,snr_before_db,snr_after_db
synthetic,4.8539526290706885,8.068660700396395
